VU,Timestamp,HTTP_Status,Latency_ms,Success,ContentLength_bytes
1,2026-08-31 03:05:02.356,200,2468.94,True,26
2,2026-08-31 03:06:01.555,200,967.84,True,26
3,2026-08-31 03:06:19.549,200,738.19,True,26
4,2026-08-31 03:06:29.497,0,16334.22,False,0
5,2026-08-31 03:06:29.364,0,16800,False,0
6,2026-08-31 03:06:29.276,200,13387.77,True,26
7,2026-08-31 03:06:29.484,0,16509.96,False,0
8,2026-08-31 03:06:29.308,200,8833.45,True,26
9,2026-08-31 03:06:29.320,200,9729.59,True,26
10,2026-08-31 03:06:29.605,200,14389.47,True,26
11,2026-08-31 03:06:28.775,200,3563.25,True,26
12,2026-08-31 03:06:29.346,0,16427.47,False,0
13,2026-08-31 03:06:29.313,0,16702.63,False,0
14,2026-08-31 03:06:28.634,200,4579.17,True,26
15,2026-08-31 03:06:29.369,200,10701.86,True,26
16,2026-08-31 03:06:29.367,0,16499.02,False,0
17,2026-08-31 03:06:29.267,200,6287.17,True,26
18,2026-08-31 03:06:28.784,200,13029.48,True,26
19,2026-08-31 03:06:29.196,200,8017.02,True,26
20,2026-08-31 03:06:29.239,0,16575.09,False,0
21,2026-08-31 03:06:29.706,0,16324.6,False,0
22,2026-08-31 03:06:29.567,0,16230.6,False,0
23,2026-08-31 03:06:29.254,0,16459.73,False,0
24,2026-08-31 03:06:29.196,200,15902.17,True,26
25,2026-08-31 03:06:29.097,200,7275.2,True,26
26,2026-08-31 03:06:29.472,0,16275.72,False,0
27,2026-08-31 03:06:29.202,200,5486.01,True,26
28,2026-08-31 03:06:28.248,200,3032.59,True,26
29,2026-08-31 03:06:29.234,200,11756.33,True,26
30,2026-08-31 03:06:29.761,0,16221.76,False,0
31,2026-08-31 03:06:49.599,0,15599.56,False,0
32,2026-08-31 03:06:50.094,0,15417.52,False,0
33,2026-08-31 03:06:50.880,0,15564.74,False,0
34,2026-08-31 03:06:51.326,0,15563,False,0
35,2026-08-31 03:06:52.046,0,15401.86,False,0
36,2026-08-31 03:06:52.800,0,15762.75,False,0
37,2026-08-31 03:06:53.494,0,15443.63,False,0
38,2026-08-31 03:06:54.263,0,15582.78,False,0
39,2026-08-31 03:06:55.300,0,15543.26,False,0
40,2026-08-31 03:06:55.826,0,15399.58,False,0
41,2026-08-31 03:06:56.514,0,16121.24,False,0
42,2026-08-31 03:06:57.728,0,16236.13,False,0
43,2026-08-31 03:06:58.981,0,15430.93,False,0
44,2026-08-31 03:06:59.908,0,15411.67,False,0
45,2026-08-31 03:07:00.760,0,15919.7,False,0
46,2026-08-31 03:07:01.778,0,15922.35,False,0
47,2026-08-31 03:07:02.646,0,15397.1,False,0
48,2026-08-31 03:07:03.647,0,15546.92,False,0
49,2026-08-31 03:07:04.415,0,15829.7,False,0
50,2026-08-31 03:07:05.011,0,15849.35,False,0
51,2026-08-31 03:07:05.783,0,15459.52,False,0
52,2026-08-31 03:07:06.797,0,15782.55,False,0
53,2026-08-31 03:07:07.865,0,15632.71,False,0
54,2026-08-31 03:07:08.411,0,15621.31,False,0
55,2026-08-31 03:07:09.191,0,15425.19,False,0
56,2026-08-31 03:07:09.979,0,15568.69,False,0
57,2026-08-31 03:07:10.738,0,15978.66,False,0
58,2026-08-31 03:07:11.554,0,15745.69,False,0
59,2026-08-31 03:07:12.765,0,15450.1,False,0
60,2026-08-31 03:07:14.283,0,15338.27,False,0
61,2026-08-31 03:07:31.131,0,15430.14,False,0
62,2026-08-31 03:07:31.530,0,15510.33,False,0
63,2026-08-31 03:07:32.512,0,15421.06,False,0
64,2026-08-31 03:07:33.175,0,15670,False,0
65,2026-08-31 03:07:33.964,0,15693.05,False,0
66,2026-08-31 03:07:34.710,0,15571.44,False,0
67,2026-08-31 03:07:35.512,0,15716.67,False,0
68,2026-08-31 03:07:36.426,0,15916.12,False,0
69,2026-08-31 03:07:37.491,0,16283.52,False,0
70,2026-08-31 03:07:38.545,0,15749.51,False,0
71,2026-08-31 03:07:39.900,0,15481.61,False,0
72,2026-08-31 03:07:40.557,0,15525.39,False,0
73,2026-08-31 03:07:41.151,0,15454.44,False,0
74,2026-08-31 03:07:41.798,0,15431.85,False,0
75,2026-08-31 03:07:42.328,0,15537.62,False,0
76,2026-08-31 03:07:42.901,0,15541.15,False,0
77,2026-08-31 03:07:43.611,0,15786.11,False,0
78,2026-08-31 03:07:44.513,0,15353.34,False,0
79,2026-08-31 03:07:45.226,0,15603.81,False,0
80,2026-08-31 03:07:45.920,0,15601.4,False,0
81,2026-08-31 03:07:46.615,0,15478.43,False,0
82,2026-08-31 03:07:47.303,0,15401.26,False,0
83,2026-08-31 03:07:48.077,0,15469.63,False,0
84,2026-08-31 03:07:48.896,0,15413.83,False,0
85,2026-08-31 03:07:49.612,0,15521.2,False,0
86,2026-08-31 03:07:50.166,0,15426.46,False,0
87,2026-08-31 03:07:51.011,0,15435.46,False,0
88,2026-08-31 03:07:51.750,0,15503.26,False,0
89,2026-08-31 03:07:52.159,0,15351.65,False,0
90,2026-08-31 03:07:52.787,0,15210.15,False,0
91,2026-08-31 03:08:15.712,0,15500.63,False,0
92,2026-08-31 03:08:17.067,0,15795.24,False,0
93,2026-08-31 03:08:17.934,0,15595.48,False,0
94,2026-08-31 03:08:19.245,0,15754.12,False,0
95,2026-08-31 03:08:20.166,0,15780.63,False,0
96,2026-08-31 03:08:21.382,0,16761.23,False,0
97,2026-08-31 03:08:22.912,0,15900.21,False,0
98,2026-08-31 03:08:24.674,0,15706.12,False,0
99,2026-08-31 03:08:25.834,0,15732.22,False,0
100,2026-08-31 03:08:27.014,0,15651.46,False,0
101,2026-08-31 03:08:28.184,0,16072,False,0
102,2026-08-31 03:08:29.443,0,15931.61,False,0
103,2026-08-31 03:08:30.805,0,15300.34,False,0
104,2026-08-31 03:08:32.281,0,15675.56,False,0
105,2026-08-31 03:08:32.710,0,15572.98,False,0
106,2026-08-31 03:08:34.016,0,16348.03,False,0
107,2026-08-31 03:08:36.118,0,15496.71,False,0
108,2026-08-31 03:08:36.727,0,15448.84,False,0
109,2026-08-31 03:08:37.479,0,15500.34,False,0
110,2026-08-31 03:08:38.267,0,15769.96,False,0
111,2026-08-31 03:08:39.146,0,15528.04,False,0
112,2026-08-31 03:08:39.948,0,15756.09,False,0
113,2026-08-31 03:08:40.977,0,15645.66,False,0
114,2026-08-31 03:08:41.712,0,15615.45,False,0
115,2026-08-31 03:08:42.416,0,15414.14,False,0
116,2026-08-31 03:08:43.260,0,15453.93,False,0
117,2026-08-31 03:08:44.216,0,15573.1,False,0
118,2026-08-31 03:08:45.239,0,15664.74,False,0
119,2026-08-31 03:08:45.777,0,15279.64,False,0
120,2026-08-31 03:08:46.250,0,15160.63,False,0
121,2026-08-31 03:09:03.526,0,15537.11,False,0
122,2026-08-31 03:09:04.521,0,15969.7,False,0
123,2026-08-31 03:09:05.743,0,15570.73,False,0
124,2026-08-31 03:09:07.048,0,15701.57,False,0
125,2026-08-31 03:09:08.154,0,15570.05,False,0
126,2026-08-31 03:09:08.883,0,15830.77,False,0
127,2026-08-31 03:09:10.487,0,15770.37,False,0
128,2026-08-31 03:09:11.930,0,15867.04,False,0
129,2026-08-31 03:09:12.646,0,15395.62,False,0
130,2026-08-31 03:09:14.116,0,15857.31,False,0
131,2026-08-31 03:09:14.706,0,15705.84,False,0
132,2026-08-31 03:09:15.650,0,16261.44,False,0
133,2026-08-31 03:09:17.001,0,15943.34,False,0
134,2026-08-31 03:09:18.479,0,15645.49,False,0
135,2026-08-31 03:09:20.261,0,15835.88,False,0
136,2026-08-31 03:09:21.525,0,16325.64,False,0
137,2026-08-31 03:09:22.879,0,15585.73,False,0
138,2026-08-31 03:09:24.175,0,15502.78,False,0
139,2026-08-31 03:09:25.016,0,16389.49,False,0
140,2026-08-31 03:09:26.512,0,15603.2,False,0
141,2026-08-31 03:09:28.251,0,15813.43,False,0
142,2026-08-31 03:09:29.765,0,17329.35,False,0
143,2026-08-31 03:09:31.664,0,15978.22,False,0
144,2026-08-31 03:09:33.427,0,15968.96,False,0
145,2026-08-31 03:09:34.598,0,15578.95,False,0
146,2026-08-31 03:09:35.882,0,15551.59,False,0
147,2026-08-31 03:09:36.466,0,15622.98,False,0
148,2026-08-31 03:09:37.627,0,16487.92,False,0
149,2026-08-31 03:09:40.523,0,15256.42,False,0
150,2026-08-31 03:09:41.064,0,15183.12,False,0
